data_date,trade_date,days_to_expiry,avg_profit,max_profit,final_profit,near_expiry,far_expiry
20230727,2023-10-30,58,-50.220338983050844,-6.0,-69.0,2023-12-27,2024-03-27
20230727,2023-10-31,57,-28.25,7.0,-29.0,2023-12-27,2024-03-27
20230727,2023-11-01,56,-12.662857142857144,10.0,-20.0,2023-12-27,2024-03-27
20230727,2023-11-02,55,6.715909090909091,56.0,49.0,2023-12-27,2024-03-27
20230727,2023-11-03,54,-22.647058823529413,42.0,6.0,2023-12-27,2024-03-27
20230727,2023-11-06,51,-102.57046979865771,-61.0,-113.0,2023-12-27,2024-03-27
20230727,2023-11-07,50,-105.24666666666667,-80.0,-104.0,2023-12-27,2024-03-27
20230727,2023-11-08,49,-94.66666666666667,-64.0,-95.0,2023-12-27,2024-03-27
20230727,2023-11-09,48,-78.95238095238095,-56.0,-82.0,2023-12-27,2024-03-27
20230727,2023-11-10,47,-66.18439716312056,-39.0,-59.0,2023-12-27,2024-03-27
20230727,2023-11-13,44,-65.19886363636364,-41.0,-86.0,2023-12-27,2024-03-27
20230727,2023-11-14,43,-91.24,-60.0,-83.0,2023-12-27,2024-03-27
20230727,2023-11-15,42,-110.4034090909091,-71.0,-98.0,2023-12-27,2024-03-27
20230727,2023-11-16,41,-81.21714285714286,-62.0,-75.0,2023-12-27,2024-03-27
20230727,2023-11-17,40,-63.57386363636363,-42.0,-74.0,2023-12-27,2024-03-27
20230727,2023-11-20,37,-55.98285714285714,10.0,-87.0,2023-12-27,2024-03-27
20230727,2023-11-21,36,-105.47727272727273,-52.0,-62.0,2023-12-27,2024-03-27
20230727,2023-11-22,35,-31.46629213483146,35.0,29.0,2023-12-27,2024-03-27
20230727,2023-11-23,34,6.386363636363637,80.0,-47.0,2023-12-27,2024-03-27
20230727,2023-11-24,33,29.119318181818183,56.0,5.0,2023-12-27,2024-03-27
20230727,2023-11-27,30,32.825581395348834,65.0,15.0,2023-12-27,2024-03-27
20230727,2023-11-28,29,17.90751445086705,78.0,-2.0,2023-12-27,2024-03-27
20230727,2023-11-29,28,32.421965317919074,68.0,41.0,2023-12-27,2024-03-27
20230727,2023-11-30,27,124.5813953488372,158.0,125.0,2023-12-27,2024-03-27
20230727,2023-12-01,26,134.0639534883721,158.0,114.0,2023-12-27,2024-03-27
20230727,2023-12-04,23,124.52046783625731,145.0,135.0,2023-12-27,2024-03-27
20230727,2023-12-05,22,178.04651162790697,209.0,198.0,2023-12-27,2024-03-27
20230727,2023-12-06,21,177.6627906976744,195.0,187.0,2023-12-27,2024-03-27
20230727,2023-12-07,20,196.7398843930636,235.0,164.0,2023-12-27,2024-03-27
20230727,2023-12-08,19,133.92485549132948,157.0,141.0,2023-12-27,2024-03-27
20230727,2023-12-11,16,85.90116279069767,157.0,14.0,2023-12-27,2024-03-27
20230727,2023-12-12,15,17.197674418604652,36.0,-6.0,2023-12-27,2024-03-27
20230727,2023-12-13,14,52.73837209302326,100.0,89.0,2023-12-27,2024-03-27
20230727,2023-12-14,13,83.68023255813954,125.0,123.0,2023-12-27,2024-03-27
20230727,2023-12-15,12,115.86666666666666,185.0,170.0,2023-12-27,2024-03-27
20230727,2023-12-18,9,208.66666666666666,233.0,233.0,2023-12-27,2024-03-27
20230727,2023-12-19,8,232.0,245.0,220.0,2023-12-27,2024-03-27
20230727,2023-12-20,7,252.890625,277.0,274.0,2023-12-27,2024-03-27
20230727,2023-12-21,6,271.42105263157896,290.0,277.0,2023-12-27,2024-03-27
20230727,2023-12-22,5,302.0983606557377,316.0,307.0,2023-12-27,2024-03-27
20230727,2023-12-25,2,322.79487179487177,336.0,325.0,2023-12-27,2024-03-27
20231227,2023-12-27,91,-84.47058823529412,-9.0,-79.0,2024-03-27,2024-06-26
20231227,2023-12-28,90,-54.91525423728814,22.0,-59.0,2024-03-27,2024-06-26
20231227,2023-12-29,89,-1.3888888888888888,89.0,5.0,2024-03-27,2024-06-26
20231227,2024-01-02,85,-63.01020408163265,72.0,-84.0,2024-03-27,2024-06-26
20231227,2024-01-03,84,-106.70175438596492,-50.0,-154.0,2024-03-27,2024-06-26
20231227,2024-01-04,83,-132.72368421052633,-73.0,-116.0,2024-03-27,2024-06-26
20231227,2024-01-05,82,-157.76923076923077,-55.0,-136.0,2024-03-27,2024-06-26
20231227,2024-01-08,79,-213.15068493150685,-115.0,-264.0,2024-03-27,2024-06-26
20231227,2024-01-09,78,-178.65289256198346,-125.0,-181.0,2024-03-27,2024-06-26
20231227,2024-01-10,77,-160.7037037037037,-107.0,-138.0,2024-03-27,2024-06-26
20231227,2024-01-11,76,-129.2090395480226,-77.0,-132.0,2024-03-27,2024-06-26
20231227,2024-01-12,75,-137.8450704225352,-52.0,-192.0,2024-03-27,2024-06-26
20231227,2024-01-15,72,-169.2134831460674,-109.0,-180.0,2024-03-27,2024-06-26
20231227,2024-01-16,71,-217.7865168539326,-151.0,-210.0,2024-03-27,2024-06-26
20231227,2024-01-17,70,-265.0391061452514,-216.0,-251.0,2024-03-27,2024-06-26
20231227,2024-01-18,69,-187.20338983050848,-28.0,-145.0,2024-03-27,2024-06-26
20231227,2024-01-19,68,-204.92045454545453,-123.0,-234.0,2024-03-27,2024-06-26
20231227,2024-01-22,65,-202.64772727272728,-74.0,-198.0,2024-03-27,2024-06-26
20231227,2024-01-23,64,-164.64204545454547,-46.0,-156.0,2024-03-27,2024-06-26
20231227,2024-01-24,63,-168.4034090909091,-64.0,-172.0,2024-03-27,2024-06-26
20231227,2024-01-25,62,-201.33714285714285,-67.0,-278.0,2024-03-27,2024-06-26
20231227,2024-01-26,61,-246.46285714285713,-205.0,-272.0,2024-03-27,2024-06-26
20231227,2024-01-30,57,-181.30857142857144,-131.0,-177.0,2024-03-27,2024-06-26
20231227,2024-01-31,56,-128.26857142857142,-55.0,-100.0,2024-03-27,2024-06-26
20231227,2024-02-01,55,-67.98285714285714,-5.0,-48.0,2024-03-27,2024-06-26
20231227,2024-02-02,54,-2.1363636363636362,143.0,43.0,2024-03-27,2024-06-26
20231227,2024-02-05,51,106.04046242774567,196.0,103.0,2024-03-27,2024-06-26
20231227,2024-02-06,50,-31.063218390804597,125.0,-64.0,2024-03-27,2024-06-26
20231227,2024-02-07,49,-385.6994219653179,-23.0,-328.0,2024-03-27,2024-06-26
20231227,2024-02-08,48,-476.9884393063584,-264.0,-520.0,2024-03-27,2024-06-26
20231227,2024-02-09,47,-539.0,-539.0,-539.0,2024-03-27,2024-06-26
20231227,2024-02-19,37,-522.0217391304348,-441.0,-495.0,2024-03-27,2024-06-26
20231227,2024-02-20,36,-502.8494623655914,-431.0,-571.0,2024-03-27,2024-06-26
20231227,2024-02-21,35,-586.65625,-479.0,-618.0,2024-03-27,2024-06-26
20231227,2024-02-22,34,-614.6595744680851,-535.0,-666.0,2024-03-27,2024-06-26
20231227,2024-02-23,33,-677.8181818181819,-618.0,-681.0,2024-03-27,2024-06-26
20231227,2024-02-26,30,-705.8854166666666,-638.0,-715.0,2024-03-27,2024-06-26
20231227,2024-02-27,29,-768.6666666666666,-723.0,-759.0,2024-03-27,2024-06-26
20231227,2024-02-28,28,-760.5056179775281,-650.0,-824.0,2024-03-27,2024-06-26
20231227,2024-02-29,27,-818.4489795918367,-749.0,-807.0,2024-03-27,2024-06-26
20231227,2024-03-01,26,-812.3396226415094,-736.0,-787.0,2024-03-27,2024-06-26
20231227,2024-03-04,23,-822.5480769230769,-747.0,-785.0,2024-03-27,2024-06-26
20231227,2024-03-05,22,-832.1758241758242,-760.0,-886.0,2024-03-27,2024-06-26
20231227,2024-03-06,21,-861.2352941176471,-782.0,-895.0,2024-03-27,2024-06-26
20231227,2024-03-07,20,-830.1914893617021,-758.0,-879.0,2024-03-27,2024-06-26
20231227,2024-03-08,19,-844.4266666666666,-771.0,-836.0,2024-03-27,2024-06-26
20231227,2024-03-11,16,-800.3333333333334,-677.0,-698.0,2024-03-27,2024-06-26
20231227,2024-03-12,15,-781.1634615384615,-647.0,-801.0,2024-03-27,2024-06-26
20231227,2024-03-13,14,-791.3148148148148,-606.0,-793.0,2024-03-27,2024-06-26
20231227,2024-03-14,13,-818.5416666666666,-699.0,-849.0,2024-03-27,2024-06-26
20231227,2024-03-15,12,-861.0526315789474,-683.0,-708.0,2024-03-27,2024-06-26
20231227,2024-03-18,9,-638.3295454545455,-526.0,-530.0,2024-03-27,2024-06-26
20231227,2024-03-19,8,-656.3225806451613,-583.0,-803.0,2024-03-27,2024-06-26
20231227,2024-03-20,7,-708.0652173913044,-573.0,-697.0,2024-03-27,2024-06-26
20231227,2024-03-21,6,-741.0,-591.0,-750.0,2024-03-27,2024-06-26
20231227,2024-03-22,5,-905.6741573033707,-786.0,-899.0,2024-03-27,2024-06-26
20231227,2024-03-25,2,-982.4375,-786.0,-1177.0,2024-03-27,2024-06-26
20231227,2024-03-26,1,-1247.8455882352941,-1110.0,-1324.0,2024-03-27,2024-06-26
20231227,2024-03-27,0,-1542.247191011236,-1271.0,-1846.0,2024-03-27,2024-06-26
20240325,2024-03-28,90,60.058394160583944,124.0,85.0,2024-06-26,2024-09-25
20240325,2024-03-29,89,87.1046511627907,166.0,105.0,2024-06-26,2024-09-25
20240325,2024-04-01,86,60.98837209302326,125.0,47.0,2024-06-26,2024-09-25
20240325,2024-04-02,85,30.156976744186046,107.0,32.0,2024-06-26,2024-09-25
20240325,2024-04-03,84,28.269005847953217,71.0,3.0,2024-06-26,2024-09-25
20240325,2024-04-08,79,7.705882352941177,61.0,-1.0,2024-06-26,2024-09-25
20240325,2024-04-09,78,-1.6396396396396395,56.0,-8.0,2024-06-26,2024-09-25
20240325,2024-04-10,77,-22.93913043478261,23.0,-29.0,2024-06-26,2024-09-25
20240325,2024-04-11,76,-51.54205607476636,-1.0,-25.0,2024-06-26,2024-09-25
20240325,2024-04-12,75,-20.112781954887218,43.0,-16.0,2024-06-26,2024-09-25
20240325,2024-04-15,72,-22.22608695652174,59.0,-52.0,2024-06-26,2024-09-25
20240325,2024-04-16,71,5.2578125,80.0,26.0,2024-06-26,2024-09-25
20240325,2024-04-17,70,-39.588235294117645,-5.0,-63.0,2024-06-26,2024-09-25
20240325,2024-04-18,69,-93.92857142857143,-23.0,-73.0,2024-06-26,2024-09-25
20240325,2024-04-19,68,-76.06617647058823,-30.0,-79.0,2024-06-26,2024-09-25
20240325,2024-04-22,65,-78.3688524590164,-7.0,-123.0,2024-06-26,2024-09-25
20240325,2024-04-23,64,-44.972727272727276,4.0,-29.0,2024-06-26,2024-09-25
20240325,2024-04-24,63,-38.710743801652896,10.0,-79.0,2024-06-26,2024-09-25
20240325,2024-04-25,62,-87.55371900826447,-47.0,-78.0,2024-06-26,2024-09-25
20240325,2024-04-26,61,-110.93650793650794,-81.0,-130.0,2024-06-26,2024-09-25
20240325,2024-04-29,58,-124.28378378378379,-87.0,-114.0,2024-06-26,2024-09-25
20240325,2024-04-30,57,-155.05737704918033,-122.0,-173.0,2024-06-26,2024-09-25
20240325,2024-05-06,51,-128.25,-77.0,-94.0,2024-06-26,2024-09-25
20240325,2024-05-09,48,-117.32307692307693,-72.0,-98.0,2024-06-26,2024-09-25
20240325,2024-05-10,47,-113.44067796610169,-42.0,-134.0,2024-06-26,2024-09-25
20240325,2024-05-13,44,-151.06470588235294,-57.0,-191.0,2024-06-26,2024-09-25
20240325,2024-05-14,43,-177.18823529411765,-111.0,-175.0,2024-06-26,2024-09-25
20240325,2024-05-15,42,-197.59649122807016,-129.0,-226.0,2024-06-26,2024-09-25
20240325,2024-05-16,41,-224.58928571428572,-185.0,-229.0,2024-06-26,2024-09-25
20240325,2024-05-17,40,-232.8181818181818,-171.0,-229.0,2024-06-26,2024-09-25
20240325,2024-05-20,37,-210.72619047619048,-131.0,-211.0,2024-06-26,2024-09-25
20240325,2024-05-21,36,-198.66272189349112,-153.0,-216.0,2024-06-26,2024-09-25
20240325,2024-05-22,35,-213.44117647058823,-183.0,-236.0,2024-06-26,2024-09-25
20240325,2024-05-23,34,-173.43859649122808,-121.0,-168.0,2024-06-26,2024-09-25
20240325,2024-05-24,33,-171.25581395348837,-109.0,-151.0,2024-06-26,2024-09-25
20240325,2024-05-27,30,-140.73684210526315,-88.0,-206.0,2024-06-26,2024-09-25
20240325,2024-05-28,29,-145.36686390532543,-90.0,-117.0,2024-06-26,2024-09-25
20240325,2024-05-29,28,-137.76023391812865,-90.0,-123.0,2024-06-26,2024-09-25
20240325,2024-05-30,27,-137.53892215568862,-94.0,-130.0,2024-06-26,2024-09-25
20240325,2024-05-31,26,-169.98823529411766,-145.0,-150.0,2024-06-26,2024-09-25
20240325,2024-06-03,23,-74.38011695906432,14.0,-41.0,2024-06-26,2024-09-25
20240325,2024-06-04,22,-96.6374269005848,-12.0,-171.0,2024-06-26,2024-09-25
20240325,2024-06-05,21,-144.9766081871345,-69.0,-76.0,2024-06-26,2024-09-25
20240325,2024-06-06,20,-73.46341463414635,-9.0,-31.0,2024-06-26,2024-09-25
20240325,2024-06-07,19,30.6125,90.0,31.0,2024-06-26,2024-09-25
20240325,2024-06-11,15,54.56818181818182,100.0,43.0,2024-06-26,2024-09-25
20240325,2024-06-12,14,3.759259259259259,38.0,4.0,2024-06-26,2024-09-25
20240325,2024-06-13,13,55.95348837209303,78.0,76.0,2024-06-26,2024-09-25
20240325,2024-06-14,12,65.62264150943396,116.0,29.0,2024-06-26,2024-09-25
20240325,2024-06-17,9,53.8,88.0,87.0,2024-06-26,2024-09-25
20240325,2024-06-18,8,18.53846153846154,54.0,33.0,2024-06-26,2024-09-25
20240325,2024-06-19,7,124.78333333333333,158.0,151.0,2024-06-26,2024-09-25
20240325,2024-06-20,6,260.2894736842105,316.0,313.0,2024-06-26,2024-09-25
20240620,2024-06-21,96,-5.6461538461538465,40.0,13.0,2024-09-25,2024-12-25
20240620,2024-06-24,93,14.876712328767123,50.0,48.0,2024-09-25,2024-12-25
20240620,2024-06-25,92,18.558823529411764,59.0,10.0,2024-09-25,2024-12-25
20240620,2024-06-26,91,7.097222222222222,48.0,-15.0,2024-09-25,2024-12-25
20240620,2024-06-27,90,8.380952380952381,49.0,15.0,2024-09-25,2024-12-25
20240620,2024-06-28,89,5.342465753424658,43.0,43.0,2024-09-25,2024-12-25
20240620,2024-07-01,86,38.43939393939394,74.0,29.0,2024-09-25,2024-12-25
20240620,2024-07-02,85,50.174418604651166,79.0,42.0,2024-09-25,2024-12-25
20240620,2024-07-03,84,67.67241379310344,95.0,62.0,2024-09-25,2024-12-25
20240620,2024-07-04,83,92.30645161290323,120.0,114.0,2024-09-25,2024-12-25
20240620,2024-07-05,82,97.16901408450704,126.0,99.0,2024-09-25,2024-12-25
20240620,2024-07-08,79,121.4,138.0,123.0,2024-09-25,2024-12-25
20240620,2024-07-10,77,60.888888888888886,84.0,64.0,2024-09-25,2024-12-25
20240620,2024-07-11,76,11.766666666666667,73.0,7.0,2024-09-25,2024-12-25
20240620,2024-07-12,75,17.82051282051282,40.0,6.0,2024-09-25,2024-12-25
20240620,2024-07-15,72,47.885714285714286,63.0,55.0,2024-09-25,2024-12-25
20240620,2024-07-16,71,57.75609756097561,82.0,56.0,2024-09-25,2024-12-25
20240620,2024-07-17,70,64.57407407407408,85.0,70.0,2024-09-25,2024-12-25
20240620,2024-07-18,69,84.52083333333333,118.0,71.0,2024-09-25,2024-12-25
20240620,2024-07-19,68,48.23684210526316,82.0,12.0,2024-09-25,2024-12-25
20240620,2024-07-22,65,32.333333333333336,62.0,39.0,2024-09-25,2024-12-25
20240620,2024-07-23,64,88.51612903225806,140.0,140.0,2024-09-25,2024-12-25
20240620,2024-07-24,63,184.14285714285714,210.0,206.0,2024-09-25,2024-12-25
20240620,2024-07-25,62,217.7906976744186,244.0,211.0,2024-09-25,2024-12-25
20240620,2024-07-26,61,171.55882352941177,202.0,161.0,2024-09-25,2024-12-25
20240620,2024-07-29,58,166.3658536585366,179.0,156.0,2024-09-25,2024-12-25
20240620,2024-07-30,57,173.13114754098362,197.0,169.0,2024-09-25,2024-12-25
20240620,2024-07-31,56,27.976744186046513,165.0,-15.0,2024-09-25,2024-12-25
20240620,2024-08-01,55,-6.945945945945946,32.0,-1.0,2024-09-25,2024-12-25
20240620,2024-08-02,54,3.9367088607594938,40.0,31.0,2024-09-25,2024-12-25
20240620,2024-08-05,51,34.79365079365079,65.0,61.0,2024-09-25,2024-12-25
20240620,2024-08-06,50,51.04,74.0,44.0,2024-09-25,2024-12-25
20240620,2024-08-07,49,44.58904109589041,71.0,61.0,2024-09-25,2024-12-25
20240620,2024-08-08,48,70.06349206349206,110.0,58.0,2024-09-25,2024-12-25
20240620,2024-08-09,47,61.46774193548387,94.0,94.0,2024-09-25,2024-12-25
20240620,2024-08-12,44,98.72727272727273,117.0,104.0,2024-09-25,2024-12-25
20240620,2024-08-13,43,108.28813559322033,132.0,89.0,2024-09-25,2024-12-25
20240620,2024-08-14,42,129.47368421052633,152.0,150.0,2024-09-25,2024-12-25
20240620,2024-08-15,41,107.06060606060606,160.0,111.0,2024-09-25,2024-12-25
20240620,2024-08-16,40,127.6086956521739,145.0,143.0,2024-09-25,2024-12-25
20240620,2024-08-19,37,128.92857142857142,147.0,147.0,2024-09-25,2024-12-25
20240620,2024-08-20,36,217.0,247.0,246.0,2024-09-25,2024-12-25
20240620,2024-08-21,35,256.3333333333333,263.0,261.0,2024-09-25,2024-12-25
20240620,2024-08-22,34,300.63793103448273,319.0,312.0,2024-09-25,2024-12-25
20240620,2024-08-23,33,311.0759493670886,317.0,310.0,2024-09-25,2024-12-25
20240620,2024-08-26,30,308.7878787878788,315.0,306.0,2024-09-25,2024-12-25
20240620,2024-08-27,29,341.69620253164555,350.0,348.0,2024-09-25,2024-12-25
20240620,2024-08-28,28,345.42045454545456,354.0,345.0,2024-09-25,2024-12-25
20240620,2024-08-29,27,301.9102564102564,353.0,292.0,2024-09-25,2024-12-25
20240620,2024-08-30,26,172.8360655737705,287.0,204.0,2024-09-25,2024-12-25
20240620,2024-09-02,23,265.43243243243245,297.0,297.0,2024-09-25,2024-12-25
20240620,2024-09-03,22,274.27868852459017,290.0,272.0,2024-09-25,2024-12-25
20240620,2024-09-04,21,259.14516129032256,283.0,273.0,2024-09-25,2024-12-25
20240620,2024-09-05,20,251.37777777777777,262.0,253.0,2024-09-25,2024-12-25
20240620,2024-09-06,19,286.35185185185185,317.0,316.0,2024-09-25,2024-12-25
20240620,2024-09-09,16,308.11392405063293,319.0,317.0,2024-09-25,2024-12-25
20240620,2024-09-10,15,316.47058823529414,336.0,300.0,2024-09-25,2024-12-25
20240620,2024-09-11,14,301.6666666666667,310.0,302.0,2024-09-25,2024-12-25
20240620,2024-09-12,13,302.8235294117647,320.0,317.0,2024-09-25,2024-12-25
20240620,2024-09-13,12,341.25454545454545,359.0,358.0,2024-09-25,2024-12-25
20240620,2024-09-18,7,385.3050847457627,403.0,361.0,2024-09-25,2024-12-25
20240620,2024-09-19,6,327.01724137931035,380.0,304.0,2024-09-25,2024-12-25
20240620,2024-09-20,5,334.609756097561,345.0,333.0,2024-09-25,2024-12-25
20240620,2024-09-23,2,336.6470588235294,348.0,343.0,2024-09-25,2024-12-25
20240620,2024-09-24,1,218.65853658536585,328.0,85.0,2024-09-25,2024-12-25
20240620,2024-09-25,0,-177.8181818181818,-20.0,-44.0,2024-09-25,2024-12-25
20240926,2024-09-26,90,51.224137931034484,184.0,3.0,2024-12-25,2025-03-26
20240926,2024-09-27,89,109.22857142857143,467.0,-196.0,2024-12-25,2025-03-26
20240926,2024-09-30,86,-275.40909090909093,1765.0,37.0,2024-12-25,2025-03-26
20240926,2024-10-08,78,-382.3448275862069,2044.0,-448.0,2024-12-25,2025-03-26
20240926,2024-10-09,77,-104.73295454545455,1107.0,-421.0,2024-12-25,2025-03-26
20240926,2024-10-10,76,804.5085714285714,12168.0,57.0,2024-12-25,2025-03-26
20240926,2024-10-11,75,209.95505617977528,590.0,327.0,2024-12-25,2025-03-26
20240926,2024-10-14,72,99.24712643678161,621.0,227.0,2024-12-25,2025-03-26
20240926,2024-10-15,71,803.0965909090909,9659.0,271.0,2024-12-25,2025-03-26
20240926,2024-10-16,70,769.2857142857143,8505.0,298.0,2024-12-25,2025-03-26
20240926,2024-10-17,69,416.3050847457627,8704.0,-123.0,2024-12-25,2025-03-26
20240926,2024-10-18,68,451.5511363636364,975.0,556.0,2024-12-25,2025-03-26
20240926,2024-10-21,65,176.8181818181818,923.0,368.0,2024-12-25,2025-03-26
20240926,2024-10-22,64,578.9548022598871,764.0,726.0,2024-12-25,2025-03-26
20240926,2024-10-23,63,-1261.9591836734694,1400.0,316.0,2024-12-25,2025-03-26
20240926,2024-10-24,62,854.6259541984733,10656.0,192.0,2024-12-25,2025-03-26
20240926,2024-10-25,61,477.38028169014086,886.0,532.0,2024-12-25,2025-03-26
20240926,2024-10-28,58,-276.8984375,609.0,609.0,2024-12-25,2025-03-26
20240926,2024-10-29,57,166.77777777777777,781.0,601.0,2024-12-25,2025-03-26
20240926,2024-10-30,56,604.7368421052631,11771.0,494.0,2024-12-25,2025-03-26
20240926,2024-10-31,55,-112.56521739130434,771.0,506.0,2024-12-25,2025-03-26
20240926,2024-11-01,54,676.349593495935,11741.0,305.0,2024-12-25,2025-03-26
20240926,2024-11-11,44,-1289.6,1208.0,909.0,2024-12-25,2025-03-26
20240926,2024-11-12,43,1233.1920903954801,16071.0,876.0,2024-12-25,2025-03-26
20240926,2024-11-13,42,1387.96875,15431.0,780.0,2024-12-25,2025-03-26
20240926,2024-11-14,41,7571.616279069767,14855.0,871.0,2024-12-25,2025-03-26
20240926,2024-11-15,40,507.01734104046244,1537.0,1537.0,2024-12-25,2025-03-26
20240926,2024-11-18,37,-1496.2105263157894,1034.0,637.0,2024-12-25,2025-03-26
20240926,2024-11-19,36,-1072.304347826087,809.0,809.0,2024-12-25,2025-03-26
20240926,2024-11-20,35,-2183.936305732484,977.0,956.0,2024-12-25,2025-03-26
20240926,2024-11-21,34,-2448.877551020408,1030.0,1030.0,2024-12-25,2025-03-26
20240926,2024-11-22,33,251.02941176470588,1112.0,571.0,2024-12-25,2025-03-26
20240926,2024-11-25,30,234.1907514450867,671.0,617.0,2024-12-25,2025-03-26
20240926,2024-11-26,29,7919.28323699422,10271.0,621.0,2024-12-25,2025-03-26
20240926,2024-11-27,28,856.0462427745665,1291.0,712.0,2024-12-25,2025-03-26
20240926,2024-11-28,27,10899.063218390804,11348.0,10513.0,2024-12-25,2025-03-26
20240926,2024-11-29,26,3889.885057471264,10891.0,400.0,2024-12-25,2025-03-26
20240926,2024-12-02,23,1602.6647398843932,12402.0,773.0,2024-12-25,2025-03-26
20240926,2024-12-11,14,4070.8563218390805,13865.0,1188.0,2024-12-25,2025-03-26
20240926,2024-12-12,13,2918.2569444444443,14377.0,865.0,2024-12-25,2025-03-26
20240926,2024-12-13,12,1558.0680272108843,13546.0,1109.0,2024-12-25,2025-03-26
20240926,2024-12-16,9,2488.383647798742,12989.0,963.0,2024-12-25,2025-03-26
20240926,2024-12-17,8,-2073.4864864864867,1040.0,1015.0,2024-12-25,2025-03-26
20240926,2024-12-18,7,12008.254437869822,12329.0,12329.0,2024-12-25,2025-03-26
20240926,2024-12-19,6,6155.8141025641025,11910.0,1324.0,2024-12-25,2025-03-26
20240926,2024-12-20,5,1871.3148148148148,12459.0,618.0,2024-12-25,2025-03-26
20240926,2024-12-23,2,1506.4368932038835,12739.0,704.0,2024-12-25,2025-03-26
20240926,2024-12-24,1,1641.0426829268292,12038.0,799.0,2024-12-25,2025-03-26
20240926,2024-12-25,0,1752.157894736842,12079.0,746.0,2024-12-25,2025-03-26
20241226,2024-12-26,90,-37.73913043478261,10.0,-22.0,2025-03-26,2025-06-25
20241226,2024-12-27,89,-37.458333333333336,20.0,-60.0,2025-03-26,2025-06-25
20241226,2024-12-30,86,-53.33548387096774,20.0,-85.0,2025-03-26,2025-06-25
20241226,2024-12-31,85,-55.78666666666667,5.0,-51.0,2025-03-26,2025-06-25
20241226,2025-01-02,83,21.638297872340427,216.0,79.0,2025-03-26,2025-06-25
20241226,2025-01-03,82,143.06875,235.0,186.0,2025-03-26,2025-06-25
20241226,2025-01-06,79,211.8562091503268,277.0,228.0,2025-03-26,2025-06-25
20241226,2025-01-07,78,243.91358024691357,313.0,229.0,2025-03-26,2025-06-25
20241226,2025-01-08,77,233.27642276422765,294.0,238.0,2025-03-26,2025-06-25
20241226,2025-01-09,76,210.90972222222223,250.0,207.0,2025-03-26,2025-06-25
20241226,2025-01-10,75,219.1404958677686,299.0,264.0,2025-03-26,2025-06-25
20241226,2025-01-13,72,289.11242603550295,325.0,319.0,2025-03-26,2025-06-25
20241226,2025-01-14,71,182.76729559748426,290.0,152.0,2025-03-26,2025-06-25
20241226,2025-01-15,70,163.9299363057325,219.0,140.0,2025-03-26,2025-06-25
20241226,2025-01-16,69,159.6024844720497,257.0,214.0,2025-03-26,2025-06-25
20241226,2025-01-17,68,173.61349693251535,302.0,103.0,2025-03-26,2025-06-25
20241226,2025-01-21,64,223.20731707317074,1940.0,213.0,2025-03-26,2025-06-25
20241226,2025-01-22,63,178.5449101796407,237.0,128.0,2025-03-26,2025-06-25
20241226,2025-01-23,62,55.41916167664671,359.0,67.0,2025-03-26,2025-06-25
20241226,2025-01-24,61,2.467065868263473,120.0,10.0,2025-03-26,2025-06-25
20241226,2025-01-27,58,25.089820359281436,95.0,80.0,2025-03-26,2025-06-25
20241226,2025-02-05,49,39.78313253012048,85.0,51.0,2025-03-26,2025-06-25
20241226,2025-02-06,48,-38.557575757575755,70.0,-85.0,2025-03-26,2025-06-25
20241226,2025-02-07,47,-109.51807228915662,-23.0,-116.0,2025-03-26,2025-06-25
20241226,2025-02-10,44,-135.83132530120483,-54.0,-162.0,2025-03-26,2025-06-25
20241226,2025-02-11,43,-120.90361445783132,-81.0,-139.0,2025-03-26,2025-06-25
20241226,2025-02-12,42,-99.39285714285714,-43.0,-51.0,2025-03-26,2025-06-25
20241226,2025-02-13,41,-64.21764705882353,-24.0,-74.0,2025-03-26,2025-06-25
20241226,2025-02-14,40,-81.98809523809524,-25.0,-85.0,2025-03-26,2025-06-25
20241226,2025-02-17,37,-80.10179640718563,-17.0,-102.0,2025-03-26,2025-06-25
20241226,2025-02-18,36,-85.88333333333334,-34.0,-88.0,2025-03-26,2025-06-25
20241226,2025-02-19,35,-80.36,-36.0,-102.0,2025-03-26,2025-06-25
20241226,2025-02-20,34,-90.80434782608695,-51.0,-84.0,2025-03-26,2025-06-25
20241226,2025-02-21,33,-76.40259740259741,-18.0,-88.0,2025-03-26,2025-06-25
20241226,2025-02-24,30,-92.31901840490798,-7.0,-131.0,2025-03-26,2025-06-25
20241226,2025-02-25,29,-120.04402515723271,-56.0,-149.0,2025-03-26,2025-06-25
20241226,2025-02-26,28,-88.31515151515151,-30.0,-90.0,2025-03-26,2025-06-25
20241226,2025-02-27,27,-89.91017964071857,-2.0,-121.0,2025-03-26,2025-06-25
20241226,2025-02-28,26,-80.41666666666667,8.0,-31.0,2025-03-26,2025-06-25
20241226,2025-03-03,23,-79.9320987654321,3.0,-74.0,2025-03-26,2025-06-25
20241226,2025-03-04,22,-91.6969696969697,21.0,-116.0,2025-03-26,2025-06-25
20241226,2025-03-05,21,-94.60479041916167,-43.0,-90.0,2025-03-26,2025-06-25
20241226,2025-03-06,20,-144.40361445783134,-99.0,-148.0,2025-03-26,2025-06-25
20241226,2025-03-07,19,-161.562874251497,-98.0,-182.0,2025-03-26,2025-06-25
20241226,2025-03-10,16,-174.67857142857142,-120.0,-192.0,2025-03-26,2025-06-25
20241226,2025-03-11,15,-168.65060240963857,-127.0,-175.0,2025-03-26,2025-06-25
20241226,2025-03-12,14,-162.60843373493975,-115.0,-174.0,2025-03-26,2025-06-25
20241226,2025-03-13,13,-212.01183431952663,-171.0,-218.0,2025-03-26,2025-06-25
20241226,2025-03-14,12,-235.93975903614458,-156.0,-258.0,2025-03-26,2025-06-25
20241226,2025-03-17,9,-306.43975903614455,-229.0,-328.0,2025-03-26,2025-06-25
20241226,2025-03-18,8,-269.9186046511628,-201.0,-302.0,2025-03-26,2025-06-25
20241226,2025-03-19,7,-366.3952095808383,-280.0,-348.0,2025-03-26,2025-06-25
20241226,2025-03-20,6,-370.4491017964072,-293.0,-421.0,2025-03-26,2025-06-25
20241226,2025-03-21,5,-431.8727272727273,-380.0,-473.0,2025-03-26,2025-06-25
20241226,2025-03-24,2,-438.0,-357.0,-480.0,2025-03-26,2025-06-25
20241226,2025-03-25,1,-446.12048192771084,-378.0,-500.0,2025-03-26,2025-06-25
20241226,2025-03-26,0,-564.065868263473,-502.0,-511.0,2025-03-26,2025-06-25
20250331,2025-03-31,86,-10.618705035971223,33.0,-15.0,2025-06-25,2025-09-24
20250331,2025-04-01,85,-8.60344827586207,45.0,11.0,2025-06-25,2025-09-24
20250331,2025-04-02,84,-7.436781609195402,38.0,-11.0,2025-06-25,2025-09-24
20250331,2025-04-03,83,1.3371428571428572,57.0,39.0,2025-06-25,2025-09-24
20250331,2025-04-07,79,158.77586206896552,420.0,260.0,2025-06-25,2025-09-24
20250331,2025-04-08,78,207.22543352601156,281.0,267.0,2025-06-25,2025-09-24
20250331,2025-04-09,77,195.0632183908046,356.0,150.0,2025-06-25,2025-09-24
20250331,2025-04-10,76,133.14880952380952,186.0,176.0,2025-06-25,2025-09-24
20250331,2025-04-11,75,129.9298245614035,175.0,128.0,2025-06-25,2025-09-24
20250331,2025-04-14,72,105.29651162790698,137.0,100.0,2025-06-25,2025-09-24
20250331,2025-04-15,71,123.45714285714286,152.0,131.0,2025-06-25,2025-09-24
20250331,2025-04-16,70,173.02285714285713,202.0,175.0,2025-06-25,2025-09-24
20250331,2025-04-17,69,132.50285714285715,158.0,151.0,2025-06-25,2025-09-24
20250331,2025-04-18,68,159.17341040462426,184.0,142.0,2025-06-25,2025-09-24
20250331,2025-04-21,65,95.79885057471265,130.0,63.0,2025-06-25,2025-09-24
20250331,2025-04-22,64,94.02890173410404,123.0,101.0,2025-06-25,2025-09-24
20250331,2025-04-23,63,110.30232558139535,139.0,112.0,2025-06-25,2025-09-24
20250331,2025-04-24,62,123.4080459770115,162.0,116.0,2025-06-25,2025-09-24
20250331,2025-04-25,61,94.28901734104046,138.0,102.0,2025-06-25,2025-09-24
20250331,2025-04-28,58,104.47976878612717,130.0,111.0,2025-06-25,2025-09-24
20250331,2025-04-29,57,105.90751445086705,121.0,94.0,2025-06-25,2025-09-24
20250331,2025-04-30,56,90.97727272727273,109.0,90.0,2025-06-25,2025-09-24
20250331,2025-05-06,50,25.79310344827586,46.0,9.0,2025-06-25,2025-09-24
20250331,2025-05-07,49,-2.7674418604651163,28.0,7.0,2025-06-25,2025-09-24
20250331,2025-05-08,48,5.9314285714285715,25.0,9.0,2025-06-25,2025-09-24
20250331,2025-05-09,47,44.81395348837209,69.0,49.0,2025-06-25,2025-09-24
20250331,2025-05-12,44,16.24712643678161,54.0,-7.0,2025-06-25,2025-09-24
20250331,2025-05-13,43,-7.994318181818182,15.0,-13.0,2025-06-25,2025-09-24
20250331,2025-05-14,42,-26.31764705882353,7.0,-41.0,2025-06-25,2025-09-24
20250331,2025-05-15,41,1.7283236994219653,34.0,13.0,2025-06-25,2025-09-24
20250331,2025-05-16,40,15.248554913294798,41.0,37.0,2025-06-25,2025-09-24
20250331,2025-05-19,37,72.33333333333333,108.0,65.0,2025-06-25,2025-09-24
20250331,2025-05-20,36,59.97076023391813,86.0,64.0,2025-06-25,2025-09-24
20250331,2025-05-21,35,43.558282208588956,73.0,26.0,2025-06-25,2025-09-24
20250331,2025-05-22,34,46.55555555555556,73.0,30.0,2025-06-25,2025-09-24
20250331,2025-05-23,33,13.865497076023392,61.0,53.0,2025-06-25,2025-09-24
20250331,2025-05-26,30,35.44444444444444,70.0,28.0,2025-06-25,2025-09-24
20250331,2025-05-27,29,57.83815028901734,91.0,22.0,2025-06-25,2025-09-24
20250331,2025-05-28,28,51.323699421965316,68.0,43.0,2025-06-25,2025-09-24
20250331,2025-05-29,27,-83.26011560693641,38.0,-108.0,2025-06-25,2025-09-24
20250331,2025-05-30,26,-43.94767441860465,-21.0,-45.0,2025-06-25,2025-09-24
20250331,2025-06-03,22,-37.820809248554916,-8.0,-20.0,2025-06-25,2025-09-24
20250331,2025-06-04,21,-61.18604651162791,-38.0,-73.0,2025-06-25,2025-09-24
20250331,2025-06-05,20,-91.54705882352941,-52.0,-126.0,2025-06-25,2025-09-24
20250331,2025-06-06,19,-129.84883720930233,-108.0,-141.0,2025-06-25,2025-09-24
20250331,2025-06-09,16,-243.53757225433526,-188.0,-251.0,2025-06-25,2025-09-24
20250331,2025-06-10,15,-225.69767441860466,-157.0,-198.0,2025-06-25,2025-09-24
20250331,2025-06-11,14,-292.4797687861272,-271.0,-297.0,2025-06-25,2025-09-24
20250331,2025-06-12,13,-312.0578034682081,-286.0,-324.0,2025-06-25,2025-09-24
20250331,2025-06-13,12,-236.7456647398844,-215.0,-234.0,2025-06-25,2025-09-24
20250331,2025-06-16,9,-249.4795321637427,-229.0,-264.0,2025-06-25,2025-09-24
20250331,2025-06-17,8,-213.51162790697674,-186.0,-226.0,2025-06-25,2025-09-24
20250331,2025-06-18,7,-208.93567251461988,-163.0,-238.0,2025-06-25,2025-09-24
20250331,2025-06-19,6,-140.28654970760235,-73.0,-85.0,2025-06-25,2025-09-24
20250331,2025-06-20,5,-21.929411764705883,8.0,5.0,2025-06-25,2025-09-24
20250331,2025-06-23,2,28.27810650887574,79.0,-28.0,2025-06-25,2025-09-24
20250331,2025-06-24,1,-242.34302325581396,-135.0,-267.0,2025-06-25,2025-09-24
20250331,2025-06-25,0,-520.3859649122807,-327.0,-828.0,2025-06-25,2025-09-24
20250701,2025-07-01,85,2.2674418604651163,44.0,-25.0,2025-09-24,2025-12-24
20250701,2025-07-02,84,-29.587209302325583,17.0,-17.0,2025-09-24,2025-12-24
20250701,2025-07-03,83,-31.408045977011493,50.0,-34.0,2025-09-24,2025-12-24
20250701,2025-07-04,82,-48.10857142857143,2.0,-54.0,2025-09-24,2025-12-24
20250701,2025-07-07,79,-75.19767441860465,-43.0,-68.0,2025-09-24,2025-12-24
20250701,2025-07-08,78,-60.206896551724135,-4.0,-53.0,2025-09-24,2025-12-24
20250701,2025-07-09,77,-86.04571428571428,-26.0,-65.0,2025-09-24,2025-12-24
20250701,2025-07-10,76,-81.9080459770115,-18.0,-96.0,2025-09-24,2025-12-24
20250701,2025-07-11,75,-100.52906976744185,2.0,-137.0,2025-09-24,2025-12-24
20250701,2025-07-14,72,-146.09142857142857,-82.0,-162.0,2025-09-24,2025-12-24
20250701,2025-07-15,71,-143.10055865921788,-55.0,-136.0,2025-09-24,2025-12-24
20250701,2025-07-16,70,-128.7528735632184,-81.0,-137.0,2025-09-24,2025-12-24
20250701,2025-07-17,69,-98.6140350877193,-17.0,-17.0,2025-09-24,2025-12-24
20250701,2025-07-18,68,-52.38857142857143,26.0,-28.0,2025-09-24,2025-12-24
20250701,2025-07-21,65,6.583815028901734,57.0,41.0,2025-09-24,2025-12-24
20250701,2025-07-22,64,66.2542372881356,158.0,125.0,2025-09-24,2025-12-24
20250701,2025-07-23,63,71.18857142857142,157.0,59.0,2025-09-24,2025-12-24
20250701,2025-07-24,62,73.21714285714286,182.0,182.0,2025-09-24,2025-12-24
20250701,2025-07-25,61,125.69540229885058,211.0,143.0,2025-09-24,2025-12-24
20250701,2025-07-28,58,176.41142857142856,287.0,159.0,2025-09-24,2025-12-24
20250701,2025-07-29,57,252.11363636363637,4161.0,276.0,2025-09-24,2025-12-24
20250701,2025-07-30,56,251.6927374301676,359.0,248.0,2025-09-24,2025-12-24
20250701,2025-07-31,55,163.9142857142857,295.0,107.0,2025-09-24,2025-12-24
20250701,2025-08-01,54,139.72988505747125,238.0,125.0,2025-09-24,2025-12-24
20250701,2025-08-04,51,155.0,276.0,276.0,2025-09-24,2025-12-24
20250701,2025-08-05,50,306.0632183908046,386.0,326.0,2025-09-24,2025-12-24
20250701,2025-08-06,49,394.53977272727275,470.0,442.0,2025-09-24,2025-12-24
20250701,2025-08-07,48,357.23121387283237,463.0,319.0,2025-09-24,2025-12-24
20250701,2025-08-08,47,376.6264367816092,452.0,394.0,2025-09-24,2025-12-24
20250701,2025-08-11,44,521.4914285714286,622.0,500.0,2025-09-24,2025-12-24
20250701,2025-08-12,43,546.6994219653179,645.0,604.0,2025-09-24,2025-12-24
20250701,2025-08-13,42,687.969512195122,805.0,732.0,2025-09-24,2025-12-24
20250701,2025-08-14,41,552.88,763.0,470.0,2025-09-24,2025-12-24
20250701,2025-08-15,40,654.6022727272727,815.0,664.0,2025-09-24,2025-12-24
20250701,2025-08-18,37,606.4022988505748,808.0,618.0,2025-09-24,2025-12-24
20250701,2025-08-19,36,719.1420454545455,930.0,672.0,2025-09-24,2025-12-24
20250701,2025-08-20,35,717.5485714285714,851.0,778.0,2025-09-24,2025-12-24
20250701,2025-08-21,34,712.061797752809,892.0,750.0,2025-09-24,2025-12-24
20250701,2025-08-22,33,900.3139534883721,1174.0,965.0,2025-09-24,2025-12-24
20250701,2025-08-25,30,1061.9257142857143,1357.0,987.0,2025-09-24,2025-12-24
20250701,2025-08-26,29,1142.513966480447,1324.0,1083.0,2025-09-24,2025-12-24
20250701,2025-08-27,28,1306.9494382022472,11043.0,1078.0,2025-09-24,2025-12-24
20250701,2025-08-28,27,1181.2078651685392,1399.0,1330.0,2025-09-24,2025-12-24
20250701,2025-08-29,26,1359.2905027932961,1729.0,1354.0,2025-09-24,2025-12-24
20250701,2025-09-01,23,1523.2241379310344,1738.0,1576.0,2025-09-24,2025-12-24
20250701,2025-09-02,22,1317.826815642458,1749.0,1264.0,2025-09-24,2025-12-24
20250701,2025-09-03,21,1204.1647727272727,1620.0,1446.0,2025-09-24,2025-12-24
20250701,2025-09-04,20,1007.1363636363636,1675.0,957.0,2025-09-24,2025-12-24
20250701,2025-09-05,19,1217.6306818181818,1468.0,1402.0,2025-09-24,2025-12-24
20250701,2025-09-08,16,1389.3068181818182,1590.0,1372.0,2025-09-24,2025-12-24
20250701,2025-09-09,15,1954.391061452514,10603.0,1515.0,2025-09-24,2025-12-24
20250701,2025-09-10,14,1517.9217877094973,1955.0,1583.0,2025-09-24,2025-12-24
20250701,2025-09-11,13,1676.142857142857,1901.0,1608.0,2025-09-24,2025-12-24
20250701,2025-09-12,12,1623.2738095238096,1830.0,1487.0,2025-09-24,2025-12-24
20250701,2025-09-15,9,1635.732142857143,12851.0,1351.0,2025-09-24,2025-12-24
20250701,2025-09-16,8,2930.8947368421054,13049.0,1721.0,2025-09-24,2025-12-24
20250701,2025-09-17,7,1956.830409356725,13082.0,1575.0,2025-09-24,2025-12-24
20250701,2025-09-18,6,1777.5301204819277,2273.0,1818.0,2025-09-24,2025-12-24
20250701,2025-09-19,5,1732.6927374301677,1906.0,1605.0,2025-09-24,2025-12-24
20250701,2025-09-22,2,1845.0,1999.0,1936.0,2025-09-24,2025-12-24
20250701,2025-09-23,1,1995.1797752808989,2633.0,2174.0,2025-09-24,2025-12-24
20250701,2025-09-24,0,1840.8652482269504,2230.0,1844.0,2025-09-24,2025-12-24
20250925,2025-09-25,90,19.154761904761905,69.0,8.0,2025-12-24,2026-03-25
20250925,2025-09-26,89,70.76100628930817,134.0,64.0,2025-12-24,2026-03-25
20250925,2025-09-29,86,64.84516129032258,168.0,59.0,2025-12-24,2026-03-25
20250925,2025-09-30,85,61.50588235294118,135.0,37.0,2025-12-24,2026-03-25
20250925,2025-10-09,76,9.155172413793103,119.0,8.0,2025-12-24,2026-03-25
20250925,2025-10-10,75,-54.5,39.0,-75.0,2025-12-24,2026-03-25
20250925,2025-10-13,72,-78.26086956521739,64.0,-106.0,2025-12-24,2026-03-25
20250925,2025-10-14,71,-110.59171597633136,-48.0,-158.0,2025-12-24,2026-03-25
20250925,2025-10-15,70,-165.3470588235294,-83.0,-174.0,2025-12-24,2026-03-25
20250925,2025-10-16,69,-191.24260355029585,-110.0,-179.0,2025-12-24,2026-03-25
20250925,2025-10-17,68,-144.9880239520958,-97.0,-98.0,2025-12-24,2026-03-25
20250925,2025-10-20,65,-170.72254335260115,-109.0,-176.0,2025-12-24,2026-03-25
20250925,2025-10-21,64,-236.5,-123.0,-268.0,2025-12-24,2026-03-25
20250925,2025-10-22,63,-239.85714285714286,-169.0,-256.0,2025-12-24,2026-03-25
20250925,2025-10-23,62,-219.79310344827587,-158.0,-247.0,2025-12-24,2026-03-25
20250925,2025-10-24,61,-282.09090909090907,-221.0,-307.0,2025-12-24,2026-03-25
20250925,2025-10-27,58,-293.26011560693644,-162.0,-286.0,2025-12-24,2026-03-25
20250925,2025-10-28,57,-282.2471264367816,-197.0,-267.0,2025-12-24,2026-03-25
20250925,2025-10-29,56,-240.41420118343194,-170.0,-186.0,2025-12-24,2026-03-25
20250925,2025-10-30,55,-264.67058823529413,-169.0,-294.0,2025-12-24,2026-03-25
20250925,2025-10-31,54,-283.9,-183.0,-306.0,2025-12-24,2026-03-25
20250925,2025-11-03,51,-309.2564102564103,-219.0,-329.0,2025-12-24,2026-03-25
20250925,2025-11-04,50,-298.8392857142857,-258.0,-319.0,2025-12-24,2026-03-25
20250925,2025-11-05,49,-317.46285714285716,-227.0,-331.0,2025-12-24,2026-03-25
20250925,2025-11-06,48,-335.32748538011697,-265.0,-331.0,2025-12-24,2026-03-25
20250925,2025-11-07,47,-339.3522012578616,-289.0,-349.0,2025-12-24,2026-03-25
20250925,2025-11-10,44,-293.68390804597703,-229.0,-269.0,2025-12-24,2026-03-25
20250925,2025-11-11,43,-291.9712643678161,-246.0,-286.0,2025-12-24,2026-03-25
20250925,2025-11-12,42,-306.03614457831327,-244.0,-321.0,2025-12-24,2026-03-25
20250925,2025-11-13,41,-329.7440476190476,-278.0,-322.0,2025-12-24,2026-03-25
20250925,2025-11-14,40,-335.93975903614455,-235.0,-320.0,2025-12-24,2026-03-25
20250925,2025-11-17,37,-335.6235294117647,-296.0,-317.0,2025-12-24,2026-03-25
20250925,2025-11-18,36,-265.9631901840491,-225.0,-259.0,2025-12-24,2026-03-25
20250925,2025-11-19,35,-227.02424242424243,-177.0,-237.0,2025-12-24,2026-03-25
20250925,2025-11-20,34,-208.62048192771084,-169.0,-187.0,2025-12-24,2026-03-25
20250925,2025-11-21,33,-69.20754716981132,2.0,-22.0,2025-12-24,2026-03-25
20250925,2025-11-24,30,-69.28488372093024,-1.0,-65.0,2025-12-24,2026-03-25
20250925,2025-11-25,29,-149.27745664739885,-96.0,-104.0,2025-12-24,2026-03-25
20250925,2025-11-26,28,-139.3764705882353,-109.0,-117.0,2025-12-24,2026-03-25
20250925,2025-11-27,27,-136.92028985507247,-40.0,-48.0,2025-12-24,2026-03-25
20250925,2025-11-28,26,-133.91970802919707,-51.0,-146.0,2025-12-24,2026-03-25
20250925,2025-12-01,23,-206.79054054054055,-165.0,-218.0,2025-12-24,2026-03-25
20250925,2025-12-02,22,-157.34131736526948,-131.0,-138.0,2025-12-24,2026-03-25
20250925,2025-12-03,21,-144.10778443113773,-109.0,-148.0,2025-12-24,2026-03-25
20250925,2025-12-04,20,-159.95209580838323,-73.0,-170.0,2025-12-24,2026-03-25
20250925,2025-12-05,19,-211.751677852349,-90.0,-283.0,2025-12-24,2026-03-25
20250925,2025-12-08,16,-395.06626506024094,-310.0,-401.0,2025-12-24,2026-03-25
20250925,2025-12-09,15,-370.3333333333333,-309.0,-339.0,2025-12-24,2026-03-25
20250925,2025-12-10,14,-309.1279069767442,-237.0,-356.0,2025-12-24,2026-03-25
20250925,2025-12-11,13,-323.17469879518075,-258.0,-285.0,2025-12-24,2026-03-25
20250925,2025-12-12,12,-378.9940119760479,-259.0,-411.0,2025-12-24,2026-03-25
